{
"1":	{"2"	:[[0.13200	,0.28800	,0.37000	,0.17200	,0.03800	]],
"3"	:[[0.15884	,0.29728	,0.29536	,0.18688	,0.06164	],[0.14042	,0.28804	,0.33828	,0.18164	,0.05162	],[0.13242	,0.31140	,0.36476	,0.16080	,0.03062	],[0.12084	,0.29304	,0.35544	,0.17924	,0.05144	],[0.10010	,0.31228	,0.34684	,0.17968	,0.06110	]],
"4"	:[[0.15884	,0.29728	,0.29536	,0.18688	,0.06164	],[0.14042	,0.28804	,0.33828	,0.18164	,0.05162	],[0.13242	,0.31140	,0.36476	,0.16080	,0.03062	],[0.12084	,0.29304	,0.35544	,0.17924	,0.05144	],[0.10010	,0.31228	,0.34684	,0.17968	,0.06110	]],
"5"	:[[0.15884	,0.29728	,0.29536	,0.18688	,0.06164	],[0.14042	,0.28804	,0.33828	,0.18164	,0.05162	],[0.13242	,0.31140	,0.36476	,0.16080	,0.03062	],[0.12084	,0.29304	,0.35544	,0.17924	,0.05144	],[0.10010	,0.31228	,0.34684	,0.17968	,0.06110	]],
"6"	:[[0.15884	,0.29728	,0.29536	,0.18688	,0.06164	],[0.14042	,0.28804	,0.33828	,0.18164	,0.05162	],[0.13242	,0.31140	,0.36476	,0.16080	,0.03062	],[0.12084	,0.29304	,0.35544	,0.17924	,0.05144	],[0.10010	,0.31228	,0.34684	,0.17968	,0.06110	]],
"7"	:[[0.15884	,0.29728	,0.29536	,0.18688	,0.06164	],[0.14042	,0.28804	,0.33828	,0.18164	,0.05162	],[0.13242	,0.31140	,0.36476	,0.16080	,0.03062	],[0.12084	,0.29304	,0.35544	,0.17924	,0.05144	],[0.10010	,0.31228	,0.34684	,0.17968	,0.06110	]],
"8"	:[[0.15884	,0.29728	,0.29536	,0.18688	,0.06164	],[0.14042	,0.28804	,0.33828	,0.18164	,0.05162	],[0.13242	,0.31140	,0.36476	,0.16080	,0.03062	],[0.12084	,0.29304	,0.35544	,0.17924	,0.05144	],[0.10010	,0.31228	,0.34684	,0.17968	,0.06110	]],
"9"	:[[0.15884	,0.29728	,0.29536	,0.18688	,0.06164	],[0.14042	,0.28804	,0.33828	,0.18164	,0.05162	],[0.13242	,0.31140	,0.36476	,0.16080	,0.03062	],[0.12084	,0.29304	,0.35544	,0.17924	,0.05144	],[0.10010	,0.31228	,0.34684	,0.17968	,0.06110	]],
"10"	:[[0.15884	,0.29728	,0.29536	,0.18688	,0.06164	],[0.14042	,0.28804	,0.33828	,0.18164	,0.05162	],[0.13242	,0.31140	,0.36476	,0.16080	,0.03062	],[0.12084	,0.29304	,0.35544	,0.17924	,0.05144	],[0.10010	,0.31228	,0.34684	,0.17968	,0.06110	]],
"11"	:[[0.15884	,0.29728	,0.29536	,0.18688	,0.06164	],[0.14042	,0.28804	,0.33828	,0.18164	,0.05162	],[0.13242	,0.31140	,0.36476	,0.16080	,0.03062	],[0.12084	,0.29304	,0.35544	,0.17924	,0.05144	],[0.10010	,0.31228	,0.34684	,0.17968	,0.06110	]],
"12"	:[[0.15884	,0.29728	,0.29536	,0.18688	,0.06164	],[0.14042	,0.28804	,0.33828	,0.18164	,0.05162	],[0.13242	,0.31140	,0.36476	,0.16080	,0.03062	],[0.12084	,0.29304	,0.35544	,0.17924	,0.05144	],[0.10010	,0.31228	,0.34684	,0.17968	,0.06110	]],
"13"	:[[0.15884	,0.29728	,0.29536	,0.18688	,0.06164	],[0.14042	,0.28804	,0.33828	,0.18164	,0.05162	],[0.13242	,0.31140	,0.36476	,0.16080	,0.03062	],[0.12084	,0.29304	,0.35544	,0.17924	,0.05144	],[0.10010	,0.31228	,0.34684	,0.17968	,0.06110	]],
"14"	:[[0.15884	,0.29728	,0.29536	,0.18688	,0.06164	],[0.14042	,0.28804	,0.33828	,0.18164	,0.05162	],[0.13242	,0.31140	,0.36476	,0.16080	,0.03062	],[0.12084	,0.29304	,0.35544	,0.17924	,0.05144	],[0.10010	,0.31228	,0.34684	,0.17968	,0.06110	]],
"15"	:[[0.15884	,0.29728	,0.29536	,0.18688	,0.06164	],[0.14042	,0.28804	,0.33828	,0.18164	,0.05162	],[0.13242	,0.31140	,0.36476	,0.16080	,0.03062	],[0.12084	,0.29304	,0.35544	,0.17924	,0.05144	],[0.10010	,0.31228	,0.34684	,0.17968	,0.06110	]],
"16"	:[[0.15884	,0.29728	,0.29536	,0.18688	,0.06164	],[0.14042	,0.28804	,0.33828	,0.18164	,0.05162	],[0.13242	,0.31140	,0.36476	,0.16080	,0.03062	],[0.12084	,0.29304	,0.35544	,0.17924	,0.05144	],[0.10010	,0.31228	,0.34684	,0.17968	,0.06110	]],
"17"	:[[0.15884	,0.29728	,0.29536	,0.18688	,0.06164	],[0.14042	,0.28804	,0.33828	,0.18164	,0.05162	],[0.13242	,0.31140	,0.36476	,0.16080	,0.03062	],[0.12084	,0.29304	,0.35544	,0.17924	,0.05144	],[0.10010	,0.31228	,0.34684	,0.17968	,0.06110	]],
"18"	:[[0.15884	,0.29728	,0.29536	,0.18688	,0.06164	],[0.14042	,0.28804	,0.33828	,0.18164	,0.05162	],[0.13242	,0.31140	,0.36476	,0.16080	,0.03062	],[0.12084	,0.29304	,0.35544	,0.17924	,0.05144	],[0.10010	,0.31228	,0.34684	,0.17968	,0.06110	]],
"19"	:[[0.15884	,0.29728	,0.29536	,0.18688	,0.06164	],[0.14042	,0.28804	,0.33828	,0.18164	,0.05162	],[0.13242	,0.31140	,0.36476	,0.16080	,0.03062	],[0.12084	,0.29304	,0.35544	,0.17924	,0.05144	],[0.10010	,0.31228	,0.34684	,0.17968	,0.06110	]],
"20"	:[[0.15884	,0.29728	,0.29536	,0.18688	,0.06164	],[0.14042	,0.28804	,0.33828	,0.18164	,0.05162	],[0.13242	,0.31140	,0.36476	,0.16080	,0.03062	],[0.12084	,0.29304	,0.35544	,0.17924	,0.05144	],[0.10010	,0.31228	,0.34684	,0.17968	,0.06110	]],
"21"	:[[0.15884	,0.29728	,0.29536	,0.18688	,0.06164	],[0.14042	,0.28804	,0.33828	,0.18164	,0.05162	],[0.13242	,0.31140	,0.36476	,0.16080	,0.03062	],[0.12084	,0.29304	,0.35544	,0.17924	,0.05144	],[0.10010	,0.31228	,0.34684	,0.17968	,0.06110	]],
"22"	:[[0.15884	,0.29728	,0.29536	,0.18688	,0.06164	],[0.14042	,0.28804	,0.33828	,0.18164	,0.05162	],[0.13242	,0.31140	,0.36476	,0.16080	,0.03062	],[0.12084	,0.29304	,0.35544	,0.17924	,0.05144	],[0.10010	,0.31228	,0.34684	,0.17968	,0.06110	]],
"23"	:[[0.15884	,0.29728	,0.29536	,0.18688	,0.06164	],[0.14042	,0.28804	,0.33828	,0.18164	,0.05162	],[0.13242	,0.31140	,0.36476	,0.16080	,0.03062	],[0.12084	,0.29304	,0.35544	,0.17924	,0.05144	],[0.10010	,0.31228	,0.34684	,0.17968	,0.06110	]],
"24"	:[[0.15884	,0.29728	,0.29536	,0.18688	,0.06164	],[0.14042	,0.28804	,0.33828	,0.18164	,0.05162	],[0.13242	,0.31140	,0.36476	,0.16080	,0.03062	],[0.12084	,0.29304	,0.35544	,0.17924	,0.05144	],[0.10010	,0.31228	,0.34684	,0.17968	,0.06110	]]
},
"2":	{"2"	:[[0.13200	,0.28800	,0.37000	,0.17200	,0.03800	]],
"3"	:[[0.15884	,0.29728	,0.29536	,0.18688	,0.06164	],[0.14042	,0.28804	,0.33828	,0.18164	,0.05162	],[0.13242	,0.31140	,0.36476	,0.16080	,0.03062	],[0.12084	,0.29304	,0.35544	,0.17924	,0.05144	],[0.10010	,0.31228	,0.34684	,0.17968	,0.06110	]],
"4"	:[[0.15884	,0.29728	,0.29536	,0.18688	,0.06164	],[0.14042	,0.28804	,0.33828	,0.18164	,0.05162	],[0.13242	,0.31140	,0.36476	,0.16080	,0.03062	],[0.12084	,0.29304	,0.35544	,0.17924	,0.05144	],[0.10010	,0.31228	,0.34684	,0.17968	,0.06110	]],
"5"	:[[0.15884	,0.29728	,0.29536	,0.18688	,0.06164	],[0.14042	,0.28804	,0.33828	,0.18164	,0.05162	],[0.13242	,0.31140	,0.36476	,0.16080	,0.03062	],[0.12084	,0.29304	,0.35544	,0.17924	,0.05144	],[0.10010	,0.31228	,0.34684	,0.17968	,0.06110	]],
"6"	:[[0.15884	,0.29728	,0.29536	,0.18688	,0.06164	],[0.14042	,0.28804	,0.33828	,0.18164	,0.05162	],[0.13242	,0.31140	,0.36476	,0.16080	,0.03062	],[0.12084	,0.29304	,0.35544	,0.17924	,0.05144	],[0.10010	,0.31228	,0.34684	,0.17968	,0.06110	]],
"7"	:[[0.15884	,0.29728	,0.29536	,0.18688	,0.06164	],[0.14042	,0.28804	,0.33828	,0.18164	,0.05162	],[0.13242	,0.31140	,0.36476	,0.16080	,0.03062	],[0.12084	,0.29304	,0.35544	,0.17924	,0.05144	],[0.10010	,0.31228	,0.34684	,0.17968	,0.06110	]],
"8"	:[[0.15884	,0.29728	,0.29536	,0.18688	,0.06164	],[0.14042	,0.28804	,0.33828	,0.18164	,0.05162	],[0.13242	,0.31140	,0.36476	,0.16080	,0.03062	],[0.12084	,0.29304	,0.35544	,0.17924	,0.05144	],[0.10010	,0.31228	,0.34684	,0.17968	,0.06110	]],
"9"	:[[0.15884	,0.29728	,0.29536	,0.18688	,0.06164	],[0.14042	,0.28804	,0.33828	,0.18164	,0.05162	],[0.13242	,0.31140	,0.36476	,0.16080	,0.03062	],[0.12084	,0.29304	,0.35544	,0.17924	,0.05144	],[0.10010	,0.31228	,0.34684	,0.17968	,0.06110	]],
"10"	:[[0.15884	,0.29728	,0.29536	,0.18688	,0.06164	],[0.14042	,0.28804	,0.33828	,0.18164	,0.05162	],[0.13242	,0.31140	,0.36476	,0.16080	,0.03062	],[0.12084	,0.29304	,0.35544	,0.17924	,0.05144	],[0.10010	,0.31228	,0.34684	,0.17968	,0.06110	]],
"11"	:[[0.15884	,0.29728	,0.29536	,0.18688	,0.06164	],[0.14042	,0.28804	,0.33828	,0.18164	,0.05162	],[0.13242	,0.31140	,0.36476	,0.16080	,0.03062	],[0.12084	,0.29304	,0.35544	,0.17924	,0.05144	],[0.10010	,0.31228	,0.34684	,0.17968	,0.06110	]],
"12"	:[[0.15884	,0.29728	,0.29536	,0.18688	,0.06164	],[0.14042	,0.28804	,0.33828	,0.18164	,0.05162	],[0.13242	,0.31140	,0.36476	,0.16080	,0.03062	],[0.12084	,0.29304	,0.35544	,0.17924	,0.05144	],[0.10010	,0.31228	,0.34684	,0.17968	,0.06110	]],