{
"2":	{	"1"	:[0.38449	],
	"2"	:[0.21781	,0.28954	,0.30707	,0.47050	,0.50570	],
	"3"	:[0.15562	,0.24533	,0.27950	,0.45321	,0.47729	],
	"4"	:[0.09462	,0.19836	,0.24519	,0.44490	,0.47402	],
	"5"	:[0.02966	,0.14258	,0.20249	,0.43130	,0.47194	],
	"6"	:[-0.05042	,0.06994	,0.15393	,0.42308	,0.46054	],
	"7"	:[-0.10059	,-0.08206	,0.03683	,0.56293	,0.64570	],
	"8"	:[-0.08239	,-0.05675	,0.03684	,0.49366	,0.55892	],
	"9"	:[-0.10761	,-0.06820	,0.02449	,0.48543	,0.52711	],
	"10"	:[-0.11266	,-0.08390	,0.01506	,0.46378	,0.49816	],
	"11"	:[-0.16449	,-0.11365	,-0.01112	,0.45164	,0.48009	],
	"12"	:[-0.16103	,-0.11820	,-0.01376	,0.44053	,0.51438	],
	"13"	:[-0.16540	,-0.12262	,-0.01466	,0.44208	,0.47358	],
	"14"	:[-0.15649	,-0.11684	,-0.00714	,0.45342	,0.48766	],
	"15"	:[-0.13932	,-0.09949	,0.00333	,0.45935	,0.52091	],
	"16"	:[-0.10751	,-0.08111	,0.02109	,0.46916	,0.49832	],
	"17"	:[-0.09248	,-0.07297	,0.02272	,0.48137	,0.52512	],
	"18"	:[-0.11591	,-0.09462	,0.01795	,0.53625	,0.60275	],
	"19"	:[-0.17394	,0.16772	,0.16951	,0.37400	,0.72485	],
	"20"	:[-0.22406	,0.12688	,0.14829	,0.34782	,0.74506	],
	"21"	:[-0.19266	,0.14504	,0.16167	,0.34834	,0.70771	],
	"22"	:[-0.20686	,0.12440	,0.12239	,0.30929	,0.64718	],
	"23"	:[-0.38680	,-0.06928	,-0.07239	,0.10196	,0.42197	],
	"24"	:[-0.38665	,-0.12661	,-0.14754	,0.03061	,0.36450	]
	}
}