{
"4":{
	"9":		{		"1"	:[-0.38449	],
		"2"	:[-0.37633	,-0.42871	,-0.40791	,-0.05817	,0.21121	],
		"3"	:[-0.30889	,-0.38448	,-0.38447	,0.00852	,0.12286	],
		"4"	:[-0.26454	,-0.34442	,-0.36016	,0.06359	,0.13891	],
		"5"	:[-0.20388	,-0.29875	,-0.33663	,0.12432	,0.17981	],
		"6"	:[-0.13710	,-0.24331	,-0.29874	,0.19504	,0.25885	],
		"7"	:[-0.21193	,-0.11352	,-0.23164	,0.23741	,0.34053	],
		"8"	:[-0.23456	,-0.13281	,-0.25780	,0.31159	,0.63300	],
		"9"	:[-0.23444	,-0.12623	,-0.23964	,0.32612	,0.69399	],
		"10"	:[-0.20062	,-0.11346	,-0.23193	,0.33100	,0.70724	],
		"11"	:[-0.15648	,-0.08149	,-0.19528	,0.33893	,0.72092	],
		"12"	:[-0.16265	,-0.07154	,-0.19813	,0.34177	,0.71695	],
		"13"	:[-0.15487	,-0.07067	,-0.19308	,0.34080	,0.71707	],
		"14"	:[-0.16463	,-0.08161	,-0.20228	,0.34245	,0.71464	],
		"15"	:[-0.18879	,-0.09700	,-0.21879	,0.33566	,0.70876	],
		"16"	:[-0.21965	,-0.11424	,-0.23222	,0.32868	,0.70112	],
		"17"	:[-0.23965	,-0.11952	,-0.23709	,0.31801	,0.64972	],
		"18"	:[-0.21145	,-0.08298	,-0.20902	,0.24965	,0.35671	],
		"19"	:[-0.08329	,-0.19490	,-0.25270	,-0.12115	,0.12737	],
		"20"	:[-0.03854	,-0.15358	,-0.22320	,-0.10662	,0.06827	],
		"21"	:[-0.07171	,-0.17125	,-0.23332	,-0.11402	,0.11567	],
		"22"	:[-0.05459	,-0.14610	,-0.20869	,-0.05797	,0.18085	],
		"23"	:[0.10081	,0.04253	,-0.00083	,0.15711	,0.39252	],
		"24"	:[0.11257	,0.09737	,0.05946	,0.24869	,0.46422	]
		}
	}
}